{
  "schema": "v1",
  "enabled": true,
  "name": "Spellbreaker Insight",
  "anchor": {
    "Screen": "BottomCenter"
  },
  "pos": [
    0.0,
    0.0
  ],
  "opacity": 1.0,
  "trigger": {
    "source": "Inherit",
    "threshold": {
      "threshold_type": "Always",
      "amount_type": "Intensity"
    }
  },
  "filter": {
    "player": {
      "combat": null,
      "specs": [
        "Spellbreaker"
      ],
      "weapons": [],
      "traits": [],
      "mounts": [
        "None"
      ]
    },
    "map": {
      "category": [],
      "whitelist": true,
      "ids": []
    }
  },
  "animation": null,
  "layer": 0,
  "elements": [
    {
      "enabled": true,
      "name": "Bar",
      "anchor": "Parent",
      "pos": [
        -309.0,
        -124.0
      ],
      "opacity": 1.0,
      "trigger": {
        "source": "Inherit",
        "threshold": {
          "threshold_type": "Always",
          "amount_type": "Intensity"
        }
      },
      "filter": {
        "player": {
          "combat": null,
          "specs": [],
          "weapons": [],
          "traits": [],
          "mounts": []
        },
        "map": {
          "category": [],
          "whitelist": true,
          "ids": []
        }
      },
      "animation": null,
      "type": "Group",
      "members": [
        {
          "enabled": true,
          "name": "Background",
          "anchor": "Parent",
          "pos": [
            0.0,
            0.0
          ],
          "opacity": 1.0,
          "trigger": {
            "source": "Always",
            "threshold": {
              "threshold_type": "Always",
              "amount_type": "Intensity"
            }
          },
          "filter": {
            "player": {
              "combat": null,
              "specs": [],
              "weapons": [],
              "traits": [],
              "mounts": []
            },
            "map": {
              "category": [],
              "whitelist": true,
              "ids": []
            }
          },
          "animation": null,
          "type": "IconList",
          "layout": "Dynamic",
          "direction": "Right",
          "size": [
            30.0,
            10.0
          ],
          "pad": 4.0,
          "icons": [
            {
              "enabled": true,
              "name": "1",
              "trigger": {
                "source": "Inherit",
                "threshold": {
                  "threshold_type": {
                    "Above": 1.0
                  },
                  "amount_type": "Intensity"
                }
              },
              "filter": {
                "player": {
                  "combat": null,
                  "specs": [],
                  "weapons": [],
                  "traits": [],
                  "mounts": []
                },
                "map": {
                  "category": [],
                  "whitelist": true,
                  "ids": []
                }
              },
              "icon": {
                "File": "Insight\\White.png"
              },
              "tint": [
                0.000001,
                9.9999e-7,
                9.9999e-7,
                0.6425121
              ],
              "zoom": 1.0,
              "round": 0.0,
              "border_size": 0.0,
              "border_color": [
                0.0,
                0.0,
                0.0,
                0.46376812
              ],
              "conditions": [],
              "duration_bar": false,
              "duration_text": false,
              "stacks_text": false
            },
            {
              "enabled": true,
              "name": "1",
              "trigger": {
                "source": "Inherit",
                "threshold": {
                  "threshold_type": {
                    "Above": 1.0
                  },
                  "amount_type": "Intensity"
                }
              },
              "filter": {
                "player": {
                  "combat": null,
                  "specs": [],
                  "weapons": [],
                  "traits": [],
                  "mounts": []
                },
                "map": {
                  "category": [],
                  "whitelist": true,
                  "ids": []
                }
              },
              "icon": {
                "File": "Insight\\White.png"
              },
              "tint": [
                0.000001,
                9.9999e-7,
                9.9999e-7,
                0.6425121
              ],
              "zoom": 1.0,
              "round": 0.0,
              "border_size": 0.0,
              "border_color": [
                0.0,
                0.0,
                0.0,
                0.46376812
              ],
              "conditions": [],
              "duration_bar": false,
              "duration_text": false,
              "stacks_text": false
            },
            {
              "enabled": true,
              "name": "1",
              "trigger": {
                "source": "Inherit",
                "threshold": {
                  "threshold_type": {
                    "Above": 1.0
                  },
                  "amount_type": "Intensity"
                }
              },
              "filter": {
                "player": {
                  "combat": null,
                  "specs": [],
                  "weapons": [],
                  "traits": [],
                  "mounts": []
                },
                "map": {
                  "category": [],
                  "whitelist": true,
                  "ids": []
                }
              },
              "icon": {
                "File": "Insight\\White.png"
              },
              "tint": [
                0.000001,
                9.9999e-7,
                9.9999e-7,
                0.6425121
              ],
              "zoom": 1.0,
              "round": 0.0,
              "border_size": 0.0,
              "border_color": [
                0.0,
                0.0,
                0.0,
                0.46376812
              ],
              "conditions": [],
              "duration_bar": false,
              "duration_text": false,
              "stacks_text": false
            },
            {
              "enabled": true,
              "name": "1",
              "trigger": {
                "source": "Inherit",
                "threshold": {
                  "threshold_type": {
                    "Above": 1.0
                  },
                  "amount_type": "Intensity"
                }
              },
              "filter": {
                "player": {
                  "combat": null,
                  "specs": [],
                  "weapons": [],
                  "traits": [],
                  "mounts": []
                },
                "map": {
                  "category": [],
                  "whitelist": true,
                  "ids": []
                }
              },
              "icon": {
                "File": "Insight\\White.png"
              },
              "tint": [
                0.000001,
                9.9999e-7,
                9.9999e-7,
                0.6425121
              ],
              "zoom": 1.0,
              "round": 0.0,
              "border_size": 0.0,
              "border_color": [
                0.0,
                0.0,
                0.0,
                0.46376812
              ],
              "conditions": [],
              "duration_bar": false,
              "duration_text": false,
              "stacks_text": false
            },
            {
              "enabled": true,
              "name": "1",
              "trigger": {
                "source": "Inherit",
                "threshold": {
                  "threshold_type": {
                    "Above": 1.0
                  },
                  "amount_type": "Intensity"
                }
              },
              "filter": {
                "player": {
                  "combat": null,
                  "specs": [],
                  "weapons": [],
                  "traits": [],
                  "mounts": []
                },
                "map": {
                  "category": [],
                  "whitelist": true,
                  "ids": []
                }
              },
              "icon": {
                "File": "Insight\\White.png"
              },
              "tint": [
                0.000001,
                9.9999e-7,
                9.9999e-7,
                0.6425121
              ],
              "zoom": 1.0,
              "round": 0.0,
              "border_size": 0.0,
              "border_color": [
                0.0,
                0.0,
                0.0,
                0.46376812
              ],
              "conditions": [],
              "duration_bar": false,
              "duration_text": false,
              "stacks_text": false
            }
          ]
        },
        {
          "enabled": true,
          "name": "Texture Bar",
          "anchor": "Parent",
          "pos": [
            0.0,
            0.0
          ],
          "opacity": 1.0,
          "trigger": {
            "source": "Inherit",
            "threshold": {
              "threshold_type": "Always",
              "amount_type": "Intensity"
            }
          },
          "filter": {
            "player": {
              "combat": null,
              "specs": [],
              "weapons": [],
              "traits": [],
              "mounts": []
            },
            "map": {
              "category": [],
              "whitelist": true,
              "ids": []
            }
          },
          "animation": null,
          "type": "IconList",
          "layout": "Dynamic",
          "direction": "Right",
          "size": [
            30.0,
            10.0
          ],
          "pad": 4.0,
          "icons": [
            {
              "enabled": true,
              "name": "1",
              "trigger": {
                "source": {
                  "Buff": [
                    41963
                  ]
                },
                "threshold": {
                  "threshold_type": {
                    "Above": 1.0
                  },
                  "amount_type": "Intensity"
                }
              },
              "filter": {
                "player": {
                  "combat": null,
                  "specs": [],
                  "weapons": [],
                  "traits": [],
                  "mounts": []
                },
                "map": {
                  "category": [],
                  "whitelist": true,
                  "ids": []
                }
              },
              "icon": {
                "File": "Insight\\Insight1.png"
              },
              "tint": [
                1.0,
                1.0,
                1.0,
                1.0
              ],
              "zoom": 1.0,
              "round": 0.0,
              "border_size": 0.0,
              "border_color": [
                0.0,
                0.0,
                0.0,
                1.0
              ],
              "conditions": [],
              "duration_bar": false,
              "duration_text": false,
              "stacks_text": false
            },
            {
              "enabled": true,
              "name": "2",
              "trigger": {
                "source": {
                  "Buff": [
                    41963
                  ]
                },
                "threshold": {
                  "threshold_type": {
                    "Above": 2.0
                  },
                  "amount_type": "Intensity"
                }
              },
              "filter": {
                "player": {
                  "combat": null,
                  "specs": [],
                  "weapons": [],
                  "traits": [],
                  "mounts": []
                },
                "map": {
                  "category": [],
                  "whitelist": true,
                  "ids": []
                }
              },
              "icon": {
                "File": "Insight\\Insight2.png"
              },
              "tint": [
                1.0,
                1.0,
                1.0,
                1.0
              ],
              "zoom": 1.0,
              "round": 0.0,
              "border_size": 0.0,
              "border_color": [
                0.0,
                0.0,
                0.0,
                1.0
              ],
              "conditions": [],
              "duration_bar": false,
              "duration_text": false,
              "stacks_text": false
            },
            {
              "enabled": true,
              "name": "3",
              "trigger": {
                "source": {
                  "Buff": [
                    41963
                  ]
                },
                "threshold": {
                  "threshold_type": {
                    "Above": 3.0
                  },
                  "amount_type": "Intensity"
                }
              },
              "filter": {
                "player": {
                  "combat": null,
                  "specs": [],
                  "weapons": [],
                  "traits": [],
                  "mounts": []
                },
                "map": {
                  "category": [],
                  "whitelist": true,
                  "ids": []
                }
              },
              "icon": {
                "File": "Insight\\Insight3.png"
              },
              "tint": [
                1.0,
                1.0,
                1.0,
                1.0
              ],
              "zoom": 1.0,
              "round": 0.0,
              "border_size": 0.0,
              "border_color": [
                0.0,
                0.0,
                0.0,
                1.0
              ],
              "conditions": [],
              "duration_bar": false,
              "duration_text": false,
              "stacks_text": false
            },
            {
              "enabled": true,
              "name": "4",
              "trigger": {
                "source": {
                  "Buff": [
                    41963
                  ]
                },
                "threshold": {
                  "threshold_type": {
                    "Above": 4.0
                  },
                  "amount_type": "Intensity"
                }
              },
              "filter": {
                "player": {
                  "combat": null,
                  "specs": [],
                  "weapons": [],
                  "traits": [],
                  "mounts": []
                },
                "map": {
                  "category": [],
                  "whitelist": true,
                  "ids": []
                }
              },
              "icon": {
                "File": "Insight\\Insight4.png"
              },
              "tint": [
                1.0,
                1.0,
                1.0,
                1.0
              ],
              "zoom": 1.0,
              "round": 0.0,
              "border_size": 0.0,
              "border_color": [
                0.0,
                0.0,
                0.0,
                1.0
              ],
              "conditions": [],
              "duration_bar": false,
              "duration_text": false,
              "stacks_text": false
            },
            {
              "enabled": true,
              "name": "5",
              "trigger": {
                "source": {
                  "Buff": [
                    41963
                  ]
                },
                "threshold": {
                  "threshold_type": {
                    "Above": 5.0
                  },
                  "amount_type": "Intensity"
                }
              },
              "filter": {
                "player": {
                  "combat": null,
                  "specs": [],
                  "weapons": [],
                  "traits": [],
                  "mounts": []
                },
                "map": {
                  "category": [],
                  "whitelist": true,
                  "ids": []
                }
              },
              "icon": {
                "File": "Insight\\Insight5.png"
              },
              "tint": [
                1.0,
                1.0,
                1.0,
                1.0
              ],
              "zoom": 1.0,
              "round": 0.0,
              "border_size": 0.0,
              "border_color": [
                0.0,
                0.0,
                0.0,
                1.0
              ],
              "conditions": [],
              "duration_bar": false,
              "duration_text": false,
              "stacks_text": false
            }
          ]
        },
        {
          "enabled": true,
          "name": "Pulse",
          "anchor": "Parent",
          "pos": [
            0.0,
            0.0
          ],
          "opacity": 1.0,
          "trigger": {
            "source": "Inherit",
            "threshold": {
              "threshold_type": "Always",
              "amount_type": "Intensity"
            }
          },
          "filter": {
            "player": {
              "combat": null,
              "specs": [],
              "weapons": [],
              "traits": [],
              "mounts": []
            },
            "map": {
              "category": [],
              "whitelist": true,
              "ids": []
            }
          },
          "animation": {
            "kind": "Pulse",
            "period": 1000
          },
          "type": "IconList",
          "layout": "Dynamic",
          "direction": "Right",
          "size": [
            30.0,
            10.0
          ],
          "pad": 4.0,
          "icons": [
            {
              "enabled": true,
              "name": "1",
              "trigger": {
                "source": {
                  "Buff": [
                    41963
                  ]
                },
                "threshold": {
                  "threshold_type": {
                    "Above": 1.0
                  },
                  "amount_type": "Intensity"
                }
              },
              "filter": {
                "player": {
                  "combat": null,
                  "specs": [],
                  "weapons": [],
                  "traits": [],
                  "mounts": []
                },
                "map": {
                  "category": [],
                  "whitelist": true,
                  "ids": []
                }
              },
              "icon": {
                "File": "Insight\\White.png"
              },
              "tint": [
                1.0,
                0.9275362,
                0.0,
                1.0
              ],
              "zoom": 1.0,
              "round": 0.0,
              "border_size": 0.0,
              "border_color": [
                0.0,
                0.0,
                0.0,
                0.46376812
              ],
              "conditions": [],
              "duration_bar": false,
              "duration_text": false,
              "stacks_text": false
            },
            {
              "enabled": true,
              "name": "2",
              "trigger": {
                "source": {
                  "Buff": [
                    41963
                  ]
                },
                "threshold": {
                  "threshold_type": {
                    "Above": 2.0
                  },
                  "amount_type": "Intensity"
                }
              },
              "filter": {
                "player": {
                  "combat": null,
                  "specs": [],
                  "weapons": [],
                  "traits": [],
                  "mounts": []
                },
                "map": {
                  "category": [],
                  "whitelist": true,
                  "ids": []
                }
              },
              "icon": {
                "File": "Insight\\White.png"
              },
              "tint": [
                1.0,
                0.92941177,
                0.0,
                1.0
              ],
              "zoom": 1.0,
              "round": 0.0,
              "border_size": 0.0,
              "border_color": [
                0.0,
                0.0,
                0.0,
                1.0
              ],
              "conditions": [],
              "duration_bar": false,
              "duration_text": false,
              "stacks_text": false
            },
            {
              "enabled": true,
              "name": "3",
              "trigger": {
                "source": {
                  "Buff": [
                    41963
                  ]
                },
                "threshold": {
                  "threshold_type": {
                    "Above": 3.0
                  },
                  "amount_type": "Intensity"
                }
              },
              "filter": {
                "player": {
                  "combat": null,
                  "specs": [],
                  "weapons": [],
                  "traits": [],
                  "mounts": []
                },
                "map": {
                  "category": [],
                  "whitelist": true,
                  "ids": []
                }
              },
              "icon": {
                "File": "Insight\\White.png"
              },
              "tint": [
                1.0,
                0.92941177,
                0.0,
                1.0
              ],
              "zoom": 1.0,
              "round": 0.0,
              "border_size": 0.0,
              "border_color": [
                0.0,
                0.0,
                0.0,
                1.0
              ],
              "conditions": [],
              "duration_bar": false,
              "duration_text": false,
              "stacks_text": false
            },
            {
              "enabled": true,
              "name": "4",
              "trigger": {
                "source": {
                  "Buff": [
                    41963
                  ]
                },
                "threshold": {
                  "threshold_type": {
                    "Above": 4.0
                  },
                  "amount_type": "Intensity"
                }
              },
              "filter": {
                "player": {
                  "combat": null,
                  "specs": [],
                  "weapons": [],
                  "traits": [],
                  "mounts": []
                },
                "map": {
                  "category": [],
                  "whitelist": true,
                  "ids": []
                }
              },
              "icon": {
                "File": "Insight\\White.png"
              },
              "tint": [
                1.0,
                0.92941177,
                0.0,
                1.0
              ],
              "zoom": 1.0,
              "round": 0.0,
              "border_size": 0.0,
              "border_color": [
                0.0,
                0.0,
                0.0,
                1.0
              ],
              "conditions": [],
              "duration_bar": false,
              "duration_text": false,
              "stacks_text": false
            },
            {
              "enabled": true,
              "name": "5",
              "trigger": {
                "source": {
                  "Buff": [
                    41963
                  ]
                },
                "threshold": {
                  "threshold_type": {
                    "Above": 5.0
                  },
                  "amount_type": "Intensity"
                }
              },
              "filter": {
                "player": {
                  "combat": null,
                  "specs": [],
                  "weapons": [],
                  "traits": [],
                  "mounts": []
                },
                "map": {
                  "category": [],
                  "whitelist": true,
                  "ids": []
                }
              },
              "icon": {
                "File": "Insight\\White.png"
              },
              "tint": [
                1.0,
                0.92941177,
                0.0,
                1.0
              ],
              "zoom": 1.0,
              "round": 0.0,
              "border_size": 0.0,
              "border_color": [
                0.0,
                0.0,
                0.0,
                1.0
              ],
              "conditions": [],
              "duration_bar": false,
              "duration_text": false,
              "stacks_text": false
            }
          ]
        },
        {
          "enabled": true,
          "name": "Texture Bar",
          "anchor": "Parent",
          "pos": [
            0.0,
            0.0
          ],
          "opacity": 1.0,
          "trigger": {
            "source": "Inherit",
            "threshold": {
              "threshold_type": "Always",
              "amount_type": "Intensity"
            }
          },
          "filter": {
            "player": {
              "combat": null,
              "specs": [],
              "weapons": [],
              "traits": [],
              "mounts": []
            },
            "map": {
              "category": [],
              "whitelist": true,
              "ids": []
            }
          },
          "animation": null,
          "type": "IconList",
          "layout": "Dynamic",
          "direction": "Right",
          "size": [
            30.0,
            10.0
          ],
          "pad": 4.0,
          "icons": [
            {
              "enabled": true,
              "name": "1",
              "trigger": {
                "source": {
                  "Buff": [
                    41963
                  ]
                },
                "threshold": {
                  "threshold_type": {
                    "Above": 1.0
                  },
                  "amount_type": "Intensity"
                }
              },
              "filter": {
                "player": {
                  "combat": null,
                  "specs": [],
                  "weapons": [],
                  "traits": [],
                  "mounts": []
                },
                "map": {
                  "category": [],
                  "whitelist": true,
                  "ids": []
                }
              },
              "icon": {
                "File": "Insight\\Transparent.png"
              },
              "tint": [
                1.0,
                1.0,
                1.0,
                1.0
              ],
              "zoom": 1.0,
              "round": 0.0,
              "border_size": 1.0,
              "border_color": [
                0.0,
                0.0,
                0.0,
                1.0
              ],
              "conditions": [],
              "duration_bar": false,
              "duration_text": false,
              "stacks_text": false
            },
            {
              "enabled": true,
              "name": "2",
              "trigger": {
                "source": {
                  "Buff": [
                    41963
                  ]
                },
                "threshold": {
                  "threshold_type": {
                    "Above": 2.0
                  },
                  "amount_type": "Intensity"
                }
              },
              "filter": {
                "player": {
                  "combat": null,
                  "specs": [],
                  "weapons": [],
                  "traits": [],
                  "mounts": []
                },
                "map": {
                  "category": [],
                  "whitelist": true,
                  "ids": []
                }
              },
              "icon": {
                "File": "Insight\\Transparent.png"
              },
              "tint": [
                1.0,
                1.0,
                1.0,
                1.0
              ],
              "zoom": 1.0,
              "round": 0.0,
              "border_size": 1.0,
              "border_color": [
                0.0,
                0.0,
                0.0,
                1.0
              ],
              "conditions": [],
              "duration_bar": false,
              "duration_text": false,
              "stacks_text": false
            },
            {
              "enabled": true,
              "name": "3",
              "trigger": {
                "source": {
                  "Buff": [
                    41963
                  ]
                },
                "threshold": {
                  "threshold_type": {
                    "Above": 3.0
                  },
                  "amount_type": "Intensity"
                }
              },
              "filter": {
                "player": {
                  "combat": null,
                  "specs": [],
                  "weapons": [],
                  "traits": [],
                  "mounts": []
                },
                "map": {
                  "category": [],
                  "whitelist": true,
                  "ids": []
                }
              },
              "icon": {
                "File": "Insight\\Transparent.png"
              },
              "tint": [
                1.0,
                1.0,
                1.0,
                1.0
              ],
              "zoom": 1.0,
              "round": 0.0,
              "border_size": 1.0,
              "border_color": [
                0.0,
                0.0,
                0.0,
                1.0
              ],
              "conditions": [],
              "duration_bar": false,
              "duration_text": false,
              "stacks_text": false
            },
            {
              "enabled": true,
              "name": "4",
              "trigger": {
                "source": {
                  "Buff": [
                    41963
                  ]
                },
                "threshold": {
                  "threshold_type": {
                    "Above": 4.0
                  },
                  "amount_type": "Intensity"
                }
              },
              "filter": {
                "player": {
                  "combat": null,
                  "specs": [],
                  "weapons": [],
                  "traits": [],
                  "mounts": []
                },
                "map": {
                  "category": [],
                  "whitelist": true,
                  "ids": []
                }
              },
              "icon": {
                "File": "Insight\\Transparent.png"
              },
              "tint": [
                1.0,
                1.0,
                1.0,
                1.0
              ],
              "zoom": 1.0,
              "round": 0.0,
              "border_size": 1.0,
              "border_color": [
                0.0,
                0.0,
                0.0,
                1.0
              ],
              "conditions": [],
              "duration_bar": false,
              "duration_text": false,
              "stacks_text": false
            },
            {
              "enabled": true,
              "name": "5",
              "trigger": {
                "source": {
                  "Buff": [
                    41963
                  ]
                },
                "threshold": {
                  "threshold_type": {
                    "Above": 5.0
                  },
                  "amount_type": "Intensity"
                }
              },
              "filter": {
                "player": {
                  "combat": null,
                  "specs": [],
                  "weapons": [],
                  "traits": [],
                  "mounts": []
                },
                "map": {
                  "category": [],
                  "whitelist": true,
                  "ids": []
                }
              },
              "icon": {
                "File": "Insight\\Transparent.png"
              },
              "tint": [
                1.0,
                1.0,
                1.0,
                1.0
              ],
              "zoom": 1.0,
              "round": 0.0,
              "border_size": 1.0,
              "border_color": [
                0.0,
                0.0,
                0.0,
                1.0
              ],
              "conditions": [],
              "duration_bar": false,
              "duration_text": false,
              "stacks_text": false
            }
          ]
        }
      ]
    }
  ]
}